signal_id,source,signal_type,company,role,detected_at,raw_excerpt,evidence_ref,status,linked_job_id
signal_001,indeed_email,job_alert,Massimo Zanetti Beverage USA,Director of eCommerce,2026-04-22 20:03,"Massimo Zanetti Beverage USA is hiring for Director of eCommerce. 29 more Immediately Hiring jobs in Miami, FL.",thread:19db7dd83445b799,new,job_002
signal_002,linkedin_email,job_alert,Allstate,Senior User Experience Designer,2026-04-22 19:45,You may be a fit for Allstate’s Senior User Experience Designer role  - Actively recruiting,thread:19db7cc9ac86506a,new,job_003
signal_003,linkedin_email,job_alert,Sixfold,Lead Product Designer,2026-04-22 17:45,You may be a fit for Sixfold’s Lead Product Designer role  - Actively recruiting,thread:19db68306558e82d,new,job_004
signal_004,indeed_email,job_alert,Miami Jewish Health,Senior Graphic Designer,2026-04-22 16:24,"Miami Jewish Health is hiring for Senior Graphic Designer. 5 more graphic designer jobs in Miami, FL.",thread:19db714a1904cfbf,new,job_005
signal_005,linkedin_email,job_alert,JETSET Pilates®,Design & Development Manager,2026-04-22 15:45,You may be a fit for JETSET Pilates®’s Design & Development Manager role  - Actively recruiting,thread:19db6f12a764254f,new,job_006
signal_006,linkedin_email,job_alert,Pano AI,Senior Product Designer,2026-04-22 9:45,You may be a fit for Pano AI’s Senior Product Designer role  - 1 school alum,thread:19db5a76f390f43f,new,job_007
signal_007,gmail,unknown_review_needed,,,2026-04-22 20:44,I want to connect,thread:19db8029b1b0a407|message:19db8029b1b0a407,ignored
signal_008,indeed_email,job_alert,Massimo Zanetti Beverage USA,Director of eCommerce,2026-04-22 20:03,"Massimo Zanetti Beverage USA is hiring for Director of eCommerce. 29 more Immediately Hiring jobs in Miami, FL.",thread:19db7dd83445b799|message:19db7dd83445b799,accepted,job_002
signal_009,linkedin_email,job_alert,Allstate,Senior User Experience Designer,2026-04-22 19:45,You may be a fit for Allstate’s Senior User Experience Designer role  - Actively recruiting,thread:19db7cc9ac86506a|message:19db7cc9ac86506a,accepted,job_003
signal_010,indeed_email,job_alert,Miami Jewish Health,Senior Graphic Designer,2026-04-22 16:24,"Miami Jewish Health is hiring for Senior Graphic Designer. 5 more graphic designer jobs in Miami, FL.",thread:19db714a1904cfbf|message:19db714a1904cfbf,accepted,job_005
signal_011,linkedin_email,job_alert,JETSET Pilates®,Design & Development Manager,2026-04-22 15:45,You may be a fit for JETSET Pilates®’s Design & Development Manager role  - Actively recruiting,thread:19db6f12a764254f|message:19db6f12a764254f,accepted,job_006
signal_012,gmail,unknown_review_needed,LinkedIn,,2026-04-22 15:24,Take control. Build a career AI can’t replace.,thread:19db6dde90ed42ef|message:19db6dde90ed42ef,ignored
signal_013,gmail,unknown_review_needed,LinkedIn,,2026-04-22 15:18,Senior User Experience Designer at Swoon,thread:19db6d7ec8661223|message:19db6d7ec8661223,ignored
signal_014,linkedin_email,job_alert,Sixfold,Lead Product Designer,2026-04-22 17:45,You may be a fit for Sixfold’s Lead Product Designer role  - Actively recruiting,thread:19db68306558e82d|message:19db75ec17950e41,accepted,job_004
signal_015,linkedin_email,job_alert,Sixfold,Lead Product Designer,2026-04-22 13:45,You may be a fit for Sixfold’s Lead Product Designer role  - Actively recruiting,thread:19db68306558e82d|message:19db68306558e82d,accepted,job_004
signal_016,gmail,unknown_review_needed,LinkedIn News,,2026-04-22 12:11,Meta starts tracking employee laptops,thread:19db62d57d5dce04|message:19db62d57d5dce04,ignored
signal_017,gmail,job_alert,LinkedIn Job Alerts,,2026-04-22 11:45,"You may be a fit for KPMG US’ Associate Director, Senior Service Designer (GenAI Experience) role  - Actively recruiting",thread:19db61532e31ca6e|message:19db61532e31ca6e,ignored,job_008
signal_018,gmail,unknown_review_needed,,,2026-04-22 11:43,Message replied: Hybrid Role :: UX Product Designer,thread:19db612f6b1487f5|message:19db612f6b1487f5,ignored
signal_019,gmail,unknown_review_needed,Brian de Haaff via LinkedIn,,2026-04-22 11:20,The psychology of token remorse,thread:19db5fdf22b0713b|message:19db5fdf22b0713b,ignored
signal_020,gmail,unknown_review_needed,Eric Zwierzynski via LinkedIn,,2026-04-22 11:12,Eric just messaged you,thread:19db5f728ad8bb78|message:19db5f728ad8bb78,ignored
signal_021,gmail,unknown_review_needed,LinkedIn Sales Navigator,,2026-04-22 11:11,"Jonathon, claim your exclusive offer",thread:19db5f5e8f5c54c0|message:19db5f5e8f5c54c0,ignored
signal_022,gmail,unknown_review_needed,Sarahdoody,,2026-04-22 11:04,why 5 people joined my UX job search program,thread:19db5ef9a8962db9|message:19db5ef9a8962db9,ignored
signal_023,gmail,unknown_review_needed,Lensa,,2026-04-22 9:42,Employer Posted Product Design Lead Job Leads You Should Apply to Now,thread:19db5b4ace3debe5|message:19db5b4ace3debe5,ignored
signal_024,linkedin_email,job_alert,Pano AI,Senior Product Designer,2026-04-22 9:45,You may be a fit for Pano AI’s Senior Product Designer role  - 1 school alum,thread:19db5a76f390f43f|message:19db5a76f390f43f,accepted,job_007
signal_025,gmail,interview_scheduling,Mail,,2026-04-22 9:32,Your Free Interview Cheat Sheet: Unlock Key Strategies,thread:19db59b85cf92081|message:19db59b85cf92081,ignored,job_009
signal_026,gmail,job_alert,LinkedIn,,2026-04-22 9:18,Explore new jobs for “product designer”,thread:19db58ec4da62220|message:19db58ec4da62220,ignored,job_010
signal_027,gmail,follow_up_opportunity,,,2026-04-22 13:50,Re: Job opportunity- Senior UX Product Designer with Thomson Reuters (Next steps/R2R),thread:19db58b5849bdc81|message:19db687549aceeff,accepted
signal_028,gmail,follow_up_opportunity,Thomsonreuters,,2026-04-22 9:14,Job opportunity- Senior UX Product Designer with Thomson Reuters (Next steps/R2R),thread:19db58b5849bdc81|message:19db58b5849bdc81,accepted,job_011
signal_029,gmail,unknown_review_needed,Thoughtworks via LinkedIn,,2026-04-22 8:01,Why AI’s acceleration is making judgment critical,thread:19db547adec0c2b3|message:19db547adec0c2b3,ignored
signal_030,gmail,unknown_review_needed,Postjobfree,,2026-04-22 7:19,"Photon has UI/UX Designer - US job in Dallas, TX, 75215",thread:19db5218c3ebfc5a|message:19db5218c3ebfc5a,ignored
signal_031,gmail,unknown_review_needed,Ashbyhq,,2026-04-22 7:08,Stable - Read our Design FAQ!,thread:19db5176ac155b46|message:19db5176ac155b46,ignored
signal_032,gmail,unknown_review_needed,"Tasnim Dhani, aPHR via LinkedIn",,2026-04-22 6:30,Tasnim just messaged you,thread:19db4f51fce5aeca|message:19db4f51fce5aeca,ignored
signal_033,gmail,unknown_review_needed,Makenzie LaRose via LinkedIn,,2026-04-22 5:45,"Makenzie accepted your invitation, explore their network",thread:19db4cb884432b07|message:19db4cb884432b07,ignored
signal_034,gmail,unknown_review_needed,Josh Baron via LinkedIn,,2026-04-22 3:45,"Josh accepted your invitation, explore their network",thread:19db45db015b4c8c|message:19db45db015b4c8c,ignored
signal_035,gmail,job_alert,Indeed,,2026-04-22 3:25,"Web Accessibility Consultant | Hybrid at TalentBurst, Inc. in Nashville, TN and 12 more new jobs",thread:19db44ba583cff97|message:19db44ba583cff97,ignored,job_012
signal_036,gmail,job_alert,LinkedIn Job Alerts,,2026-04-22 1:45,You may be a fit for Jacobs’ Global Principal - Complex Bridges Design Build role  - Actively recruiting,thread:19db3efd6593730a|message:19db3efd6593730a,ignored,job_013
signal_037,gmail,job_alert,LinkedIn Job Alerts,,2026-04-21 23:45,You may be a fit for Jacobs’ Preconstruction Manager - Design-Build role  - Actively recruiting,thread:19db381fe2e3d93e|message:19db381fe2e3d93e,ignored,job_014
signal_038,gmail,recruiter_outreach,American Airlines Talent Acquisition,,2026-04-21 22:10,"Thanks for your submission to American Airlines Product Designer/ Sr Product Designer, UX (Airport Agent & Gate Management) position, Job ID: 84999",thread:19db32a8fd702f7b|message:19db32a8fd702f7b,accepted,job_015
signal_039,linkedin_email,job_alert,GitHub,"Staff Product Designer, Copilot",2026-04-21 21:45,"You may be a fit for GitHub’s Staff Product Designer, Copilot role  - Actively recruiting",thread:19db314223336eb7|message:19db314223336eb7,accepted,job_016
signal_040,indeed_email,job_alert,Massimo Zanetti Beverage USA,Director of eCommerce,2026-04-23 7:19,"Massimo Zanetti Beverage USA is hiring for Director of eCommerce. 29 more Immediately Hiring jobs in Miami, FL.",thread:19db7dd83445b799|message:19dba47e53af705a,accepted,job_002
signal_041,linkedin_email,job_alert,95 Percent Group,UX Design Manager,2026-04-23 20:44,You may be a fit for 95 Percent Group’s UX Design Manager role,thread:19dbd28fad298473|message:19dbd28fad298473,accepted,job_020
signal_042,gmail,unknown_review_needed,Ford,,2026-04-23 19:56,New job opportunities at Ford Global Career Site,thread:19dbcfcd3ae356bf|message:19dbcfcd3ae356bf,review_required_no_job_create
signal_043,gmail,unknown_review_needed,LinkedIn Job Alerts,,2026-04-23 19:45,Blink UX :: Senior or Lead Product Designer...,thread:19dbcf2ee4a0ccd0|message:19dbcf2ee4a0ccd0,ignored
signal_044,indeed_email,job_alert,Solara Laboratories,Digital Designer,2026-04-23 19:00,"Solara Laboratories is hiring for Digital Designer. 4 more graphic designer jobs in Miami, FL.",thread:19dbcc9e8f92a5ed|message:19dbcc9e8f92a5ed,accepted,job_021
signal_045,gmail,job_alert,LinkedIn Job Alerts,,2026-04-23 15:45,You may be a fit for Pellera Technologies’ Artificial Intelligence - Principal UX Designer role  - 4 school alumni,thread:19dbc173cabf34d3|message:19dbc173cabf34d3,ignored
signal_046,gmail,unknown_review_needed,,,2026-04-23 15:19,New Staff Engineer Job Matches,thread:19dbbff42e6425b0|message:19dbbff42e6425b0,review_required_no_job_create
signal_047,gmail,follow_up_opportunity,Thomson Reuters,Senior UX Product Designer,2026-04-23 16:41,Re: Job opportunity- Senior UX Product Designer with Thomson Reuters (Next steps/R2R),thread:19db58b5849bdc81|message:19dbc4a9ab4acb0e,review_needed,job_017
signal_048,gmail,follow_up_opportunity,Thomson Reuters,Senior UX Product Designer,2026-04-23 14:31,Re: Job opportunity- Senior UX Product Designer with Thomson Reuters (Next steps/R2R),thread:19db58b5849bdc81|message:19dbbd3842e5feae,review_needed,job_017
signal_049,gmail,unknown_review_needed,LinkedIn Job Alerts,,2026-04-23 13:08,"Jonathon, apply now to ‘UX Architect at Hilti North America’",thread:19dbb8718d18b4f9|message:19dbb8718d18b4f9,ignored
signal_050,gmail,job_alert,LinkedIn Job Alerts,,2026-04-23 17:45,"You may be a fit for KPMG US’ Associate Director, Senior Service Designer (GenAI Experience) role  - Actively recruiting",thread:19dbb3b89a9a9617|message:19dbc851f3298c66,ignored
signal_051,gmail,job_alert,LinkedIn Job Alerts,,2026-04-23 11:45,"You may be a fit for KPMG US’ Associate Director, Senior Service Designer (GenAI Experience) role  - Actively recruiting",thread:19dbb3b89a9a9617|message:19dbb3b89a9a9617,ignored
signal_052,gmail,unknown_review_needed,,,2026-04-23 10:25,"Jonathon, enjoy this offer for LinkedIn Premium",thread:19dbaf25f643dbd0|message:19dbaf25f643dbd0,review_required_no_job_create
signal_053,linkedin_email,job_alert,OpenLoop,Senior Product Designer,2026-04-23 13:45,You may be a fit for OpenLoop’s Senior Product Designer role  - 1 school alum,thread:19dbace827b9f562|message:19dbba97177e1bb6,accepted,job_022
signal_054,linkedin_email,job_alert,OpenLoop,Senior Product Designer,2026-04-23 9:46,You may be a fit for OpenLoop’s Senior Product Designer role  - 1 school alum,thread:19dbace827b9f562|message:19dbace827b9f562,accepted,job_023
signal_055,indeed_email,job_alert,Massimo Zanetti Beverage USA,Director of eCommerce,2026-04-23 7:19,"Massimo Zanetti Beverage USA is hiring for Director of eCommerce. 29 more Immediately Hiring jobs in Miami, FL.",thread:19db7dd83445b799|message:19dba47e53af705a,accepted,job_002
signal_056,gmail,unknown_review_needed,Ford,,2026-04-23 22:45,New job opportunities at Ford Global Career Site,thread:19dbcfcd3ae356bf|message:19dbd98290c89166,review_required_no_job_create
signal_057,gmail,interview_scheduling,,,2026-04-24 6:32,interview questions,thread:19dbf42eb643f113|message:19dbf4313be985bf,review_required_no_job_create
signal_058,indeed_email,job_alert,Wildbound PR,Part-Time Web Designer (Squarespace Specialist for Authors and Publishers),2026-04-24 6:30,"Wildbound PR is hiring for Part-Time Web Designer (Squarespace Specialist for Authors and Publishers). 29 more Immediately Hiring jobs in Miami, FL.",thread:19dbf41e019058c6|message:19dbf41e019058c6,accepted,job_024
signal_059,gmail,job_alert,,,2026-04-24 1:14,Meta Careers job alert: Find me,thread:19dbe20268db306e|message:19dbe20268db306e,review_required_no_job_create
signal_060,gmail,follow_up_opportunity,Thomson Reuters,Senior UX Product Designer,2026-04-24 7:18,Re: Job opportunity- Senior UX Product Designer with Thomson Reuters (Next steps/R2R),thread:19db58b5849bdc81|message:19dbf6cecf0f4d43,review_needed,job_017
signal_061,gmail,unknown_review_needed,,,2026-04-24 10:23,Senior UX/UI Designer @ TeamBuilder,thread:19dc01735204c45e|message:19dc01735204c45e,review_required_no_job_create
signal_062,gmail,unknown_review_needed,,,2026-04-24 9:23,This has never happened in history (job data),thread:19dbfe0a78c653d6|message:19dbfe0a78c653d6,review_required_no_job_create
signal_063,gmail,job_alert,LinkedIn Job Alerts,,2026-04-24 9:18,Explore new jobs for “product designer”,thread:19dbfdb0503a7503|message:19dbfdb0503a7503,ignored
signal_064,gmail,unknown_review_needed,,,2026-04-24 9:04,This guy has the perfect job(s),thread:19dbfce1762a1788|message:19dbfce1762a1788,review_required_no_job_create
signal_065,gmail,unknown_review_needed,,Update,2026-04-24 8:02,Stable Application Update,thread:19dbf961e178fb69|message:19dbf961e178fb69,review_required_no_job_create
signal_066,indeed_email,job_alert,edZOOcation,Web Manager (E-commerce & Conversion),2026-04-28 5:55,"edZOOcation is hiring for Web Manager (E-commerce & Conversion). 29 more Immediately Hiring jobs in Miami, FL.",thread:19dd3ba9f275a8d7|message:19dd3ba9f275a8d7,accepted,job_025
signal_067,gmail,unknown_review_needed,LinkedIn Job Alerts,was sent to Kforce Inc,2026-04-28 5:26,"Jonathon, your application was sent to Kforce Inc",thread:19dd39ff242c7b38|message:19dd39ff242c7b38,ignored
signal_068,linkedin_email,job_alert,Sparrow,New jobs similar to Senior Product Designer,2026-04-27 23:45,New jobs similar to Senior Product Designer at Sparrow,thread:19dd2681f9aa7b93|message:19dd2681f9aa7b93,accepted,job_026
signal_069,linkedin_email,job_alert,MAJORITY,Product Design Lead,2026-04-27 20:44,Product Design Lead at MAJORITY,thread:19dd1c27ebb1efd9|message:19dd1c27ebb1efd9,accepted,job_027
signal_070,gmail,unknown_review_needed,Ford,,2026-04-27 20:05,New job opportunities at Ford Global Career Site,thread:19dd19e9125bc59f|message:19dd19e9125bc59f,review_required_no_job_create
signal_071,gmail,job_alert,LinkedIn Job Alerts,,2026-04-27 19:45,Product Designer | Remote at DesignMeshAI: up to $115/hour,thread:19dd18c8a3968a3e|message:19dd18c8a3968a3e,ignored
signal_072,gmail,unknown_review_needed,,,2026-04-27 19:30,Recommended Job: Technology Implementation Manager - Workfront,thread:19dd17ed02e6bdaa|message:19dd17ed02e6bdaa,review_required_no_job_create
signal_073,gmail,unknown_review_needed,Equinix,,2026-04-27 14:46,Latest job opportunities from Equinix,thread:19dd1522dc2e4f95|message:19dd1522dc2e4f95,review_required_no_job_create
signal_074,indeed_email,job_alert,Confidential,"Senior Designer (Digital, UX/UI, Presentations, Adobe + Figma)",2026-04-27 18:37,"Confidential is hiring for Senior Designer (Digital, UX/UI, Presentations, Adobe + Figma). 6 more graphic designer jobs in Miami, FL.",thread:19dd14dde919c88b|message:19dd14dde919c88b,accepted,job_028
signal_075,linkedin_email,job_alert,Sundayy,"UX Designer, AI",2026-04-27 17:45,"You may be a fit for Sundayy’s UX Designer, AI role",thread:19dd11e9bbb617c4|message:19dd11e9bbb617c4,accepted,job_029
signal_076,gmail,interview_scheduling,Google,,2026-04-27 15:49,"Notification: Interview with Blink UX @ Mon Apr 27, 2026 4pm - 4:30pm (CDT) (contact@pryzd.com)",thread:19dd0b4b620c00e1|message:19dd0b4b620c00e1,review_required_no_job_create
signal_077,linkedin_email,job_alert,Section,Senior Product Designer,2026-04-27 15:45,You may be a fit for Section’s Senior Product Designer role,thread:19dd0b0b68b9e956|message:19dd0b0b68b9e956,accepted,job_030
signal_078,builtin_email,unknown_review_needed,,,2026-04-27 15:20,New Staff Engineer Job Matches,thread:19dd099b422598c2|message:19dd099b422598c2,review_required_no_job_create
signal_079,linkedin_email,unknown_review_needed,Pizza Hut,Senior Systems Design Specialist,2026-04-27 15:18,Senior Systems Design Specialist at Pizza Hut,thread:19dd097b203420e1|message:19dd097b203420e1,review_required_no_job_create
signal_080,gmail,unknown_review_needed,LinkedIn Job Alerts,was sent to DesignMeshAI,2026-04-27 14:17,"Jonathon, your application was sent to DesignMeshAI",thread:19dd05fd2c32facc|message:19dd05fd2c32facc,ignored
signal_081,gmail,interview_scheduling,Blinkux,,2026-04-27 12:19,Interview with Blink UX,thread:19dcff40858256e3|message:19dcff40858256e3,review_required_no_job_create
signal_082,gmail,unknown_review_needed,American Airlines Talent Acquisition,,2026-04-27 12:11,Thank You for Applying at Lennox!,thread:19dcfecffe5aa199|message:19dcfecffe5aa199,review_required_no_job_create
signal_083,gmail,unknown_review_needed,American Airlines Talent Acquisition,,2026-04-27 12:10,Lennox- Submission of Interest - In Progress,thread:19dcfebfe400ccb0|message:19dcfebfe400ccb0,review_required_no_job_create
signal_084,gmail,unknown_review_needed,Indeed,,2026-04-27 12:07,Indeed Application: UI/UX Lead,thread:19dcfe8c2c6cd6d2|message:19dcfe8c2c6cd6d2,ignored
signal_085,linkedin_email,job_alert,DesignMeshAI,UX Design Expert | Remote,2026-04-27 11:45,You may be a fit for DesignMeshAI’s UX Design Expert | Remote role,thread:19dcfd500c48ffed|message:19dcfd500c48ffed,accepted,job_031
signal_086,gmail,unknown_review_needed,LinkedIn Job Alerts,,2026-04-27 12:35,Message replied: Blink UX :: Senior or Lead Product Designer...,thread:19dcfa08dedcf19b|message:19dd002e31aef76a,ignored
signal_087,gmail,unknown_review_needed,LinkedIn Job Alerts,,2026-04-27 12:28,Message replied: Blink UX :: Senior or Lead Product Designer...,thread:19dcfa08dedcf19b|message:19dcffc62a227f70,ignored
signal_088,gmail,unknown_review_needed,LinkedIn Job Alerts,,2026-04-27 10:48,Message replied: Blink UX :: Senior or Lead Product Designer...,thread:19dcfa08dedcf19b|message:19dcfa08dedcf19b,ignored
signal_089,gmail,unknown_review_needed,,,2026-04-27 10:26,UI/UX Lead @ Promet Source,thread:19dcf8c6876ebde9|message:19dcf8c6876ebde9,review_required_no_job_create
signal_090,gmail,unknown_review_needed,LinkedIn Job Alerts,,2026-04-27 10:18,Don’t miss conversations in Enterprise AI Product Design,thread:19dcf85a82f3cb87|message:19dcf85a82f3cb87,ignored
signal_091,gmail,job_alert,LinkedIn Job Alerts,,2026-04-27 9:45,You may be a fit for Arcadis’ Senior Design Manager - Multi-disciplinary Projects role  - Actively recruiting,thread:19dcf673e6ddb8f4|message:19dcf673e6ddb8f4,ignored
signal_092,gmail,job_alert,LinkedIn Job Alerts,,2026-04-27 9:18,Explore new jobs for “product designer”,thread:19dcf4e2e5fb5099|message:19dcf4e2e5fb5099,ignored
signal_093,indeed_email,job_alert,edZOOcation,Web Manager (E-commerce & Conversion),2026-04-27 7:25,"edZOOcation is hiring for Web Manager (E-commerce & Conversion). 29 more Immediately Hiring jobs in Miami, FL.",thread:19dcee72e1e0603d|message:19dcee72e1e0603d,accepted,job_032
signal_094,linkedin_email,job_alert,BetterSleep™,"Senior Product Designer, Core Experience",2026-04-26 17:45,"You may be a fit for BetterSleep™’s Senior Product Designer, Core Experience role",thread:19dcbf82d45591cf|message:19dcbf82d45591cf,accepted,job_033
signal_095,indeed_email,job_alert,PubliMarketing,Asistente de Print Shop / Diseñador/a Gráfico (Part-Time) – Print Shop,2026-04-26 16:25,"PubliMarketing is hiring for Asistente de Print Shop / Diseñador/a Gráfico (Part-Time) – Print Shop. 1 more graphic designer job in Miami, FL.",thread:19dcbaf04883de97|message:19dcbaf04883de97,accepted,job_034
signal_096,gmail,unknown_review_needed,,,2026-04-26 15:55,"Leadstack Inc has Sr. UX Product Designer job in Fort Worth, TX, 76155",thread:19dcb9327eeaf4d6|message:19dcb9327eeaf4d6,review_required_no_job_create
signal_097,linkedin_email,job_alert,Norwegian Cruise Line Holdings Ltd.,Manager Digital Product Design,2026-04-26 15:45,You may be a fit for Norwegian Cruise Line Holdings Ltd.’s Manager Digital Product Design role  - 3 connections,thread:19dcb8a50a290a5f|message:19dcb8a50a290a5f,accepted,job_035
signal_098,linkedin_email,job_alert,Owlet Baby Care,Senior Product Designer,2026-04-26 19:45,You may be a fit for Owlet Baby Care’s Senior Product Designer role,thread:19dcb1c75bc48bb3|message:19dcc660dfab30c1,accepted,job_036
signal_099,linkedin_email,job_alert,Owlet Baby Care,Senior Product Designer,2026-04-26 13:45,You may be a fit for Owlet Baby Care’s Senior Product Designer role,thread:19dcb1c75bc48bb3|message:19dcb1c75bc48bb3,accepted,job_037
signal_100,gmail,unknown_review_needed,Randstadusa,,2026-04-26 12:41,Your Randstad USA Job Notification,thread:19dcae1f1b5a4702|message:19dcae1f1b5a4702,review_required_no_job_create
signal_101,linkedin_email,job_alert,Section,Senior Product Designer,2026-04-26 11:45,You may be a fit for Section’s Senior Product Designer role,thread:19dcaaebb26ff42f|message:19dcaaebb26ff42f,accepted,job_038
signal_102,gmail,job_alert,LinkedIn Job Alerts,,2026-04-26 9:45,You may be a fit for Arcadis’ Senior Design Manager - Multi-disciplinary Projects role  - Actively recruiting,thread:19dca40c4509e3e9|message:19dca40c4509e3e9,ignored
signal_103,indeed_email,job_alert,edZOOcation,Web Manager (E-commerce & Conversion),2026-04-26 8:09,"edZOOcation is hiring for Web Manager (E-commerce & Conversion). 29 more Immediately Hiring jobs in Miami, FL.",thread:19dc9e8fecd051bc|message:19dc9e8fecd051bc,accepted,job_039
signal_104,gmail,job_alert,LinkedIn Job Alerts,,2026-04-25 19:45,"You may be a fit for Vista Equity Partners’ Associate Director, UX for AI Agents role  - Actively recruiting",thread:19dc73fae6cfd32c|message:19dc73fae6cfd32c,ignored
signal_105,indeed_email,job_alert,PubliMarketing,Asistente de Print Shop / Diseñador/a Gráfico (Part-Time) – Print Shop,2026-04-25 16:37,"PubliMarketing is hiring for Asistente de Print Shop / Diseñador/a Gráfico (Part-Time) – Print Shop. 1 more graphic designer job in Miami, FL.",thread:19dc693db33a1d7f|message:19dc693db33a1d7f,accepted,job_040
signal_106,linkedin_email,job_alert,Johnson & Johnson,"Global Design Leader, Polyphonic AI Lab",2026-04-25 15:45,"You may be a fit for Johnson & Johnson’s Global Design Leader, Polyphonic AI Lab role  - 1 connection",thread:19dc663f08b1bb3f|message:19dc663f08b1bb3f,accepted,job_041
signal_107,gmail,unknown_review_needed,,,2026-04-25 15:30,New Staff Engineer Job Matches,thread:19dc6560f2152837|message:19dc6560f2152837,review_required_no_job_create
signal_108,linkedin_email,job_alert,BetterSleep™,"Senior Product Designer, Core Experience",2026-04-25 13:45,"You may be a fit for BetterSleep™’s Senior Product Designer, Core Experience role",thread:19dc5f6457cd62a1|message:19dc5f6457cd62a1,accepted,job_042
signal_109,gmail,unknown_review_needed,LinkedIn Job Alerts,,2026-04-25 13:13,"Jonathon, apply now to ‘Senior Product Designer at Vogo’",thread:19dc5d9180615529|message:19dc5d9180615529,ignored
signal_110,linkedin_email,job_alert,Norwegian Cruise Line Holdings Ltd.,Manager Digital Product Design,2026-04-25 11:45,You may be a fit for Norwegian Cruise Line Holdings Ltd.’s Manager Digital Product Design role  - 3 connections,thread:19dc5883c517b66d|message:19dc5883c517b66d,accepted,job_043
signal_111,gmail,recruiter_outreach,American Airlines,,2026-04-25 10:01,"An update on your recent Product Designer/Sr. Product Designer, UX (Design Systems AI) application, Job ID: 84969",thread:19dc5296cace88de|message:19dc5296cace88de,review_required_no_job_create
signal_112,linkedin_email,job_alert,Sundayy,Product Designer,2026-04-25 17:45,You may be a fit for Sundayy’s Product Designer role,thread:19dc51a9579d1863|message:19dc6d1cd4f9c3e4,accepted,job_044
signal_113,linkedin_email,job_alert,Sundayy,Product Designer,2026-04-25 9:45,You may be a fit for Sundayy’s Product Designer role,thread:19dc51a9579d1863|message:19dc51a9579d1863,accepted,job_045
signal_114,indeed_email,job_alert,EARP Corp,Web Developer,2026-04-25 8:06,"EARP Corp is hiring for Web Developer. 29 more Immediately Hiring jobs in Miami, FL.",thread:19dc4bfc9164ed49|message:19dc4bfc9164ed49,accepted,job_046
signal_115,gmail,unknown_review_needed,,,2026-04-25 7:19,"The Marketing Arm has Account Executive ( job in Dallas, TX, 75201",thread:19dc49460f786168|message:19dc49460f786168,review_required_no_job_create
signal_116,indeed_email,job_alert,Solara Laboratories,Digital Designer,2026-04-24 16:33,"Solara Laboratories is hiring for Digital Designer. 5 more graphic designer jobs in Miami, FL.",thread:19dc169f57496749|message:19dc169f57496749,accepted,job_021
signal_117,gmail,unknown_review_needed,Mg,,2026-04-24 15:59,Final Reminder: How Experienced Workers Win in a Changing Job Market,thread:19dc14ebf67d2f3b|message:19dc14ebf67d2f3b,review_required_no_job_create
signal_118,gmail,unknown_review_needed,LinkedIn Job Alerts,was viewed by HeartCentrix Solutions,2026-04-24 15:57,Your application was viewed by HeartCentrix Solutions,thread:19dc148e1c11ec8a|message:19dc148e1c11ec8a,ignored
signal_119,gmail,unknown_review_needed,LinkedIn Job Alerts,was sent to HeartCentrix Solutions,2026-04-24 15:51,"Jonathon, your application was sent to HeartCentrix Solutions",thread:19dc143266994584|message:19dc143266994584,ignored
signal_120,linkedin_email,unknown_review_needed,Sonepar USA,Sr Product Designer,2026-04-24 15:18,Sr Product Designer at Sonepar USA,thread:19dc124a7953019d|message:19dc124a7953019d,review_required_no_job_create
signal_121,gmail,unknown_review_needed,Jamesbakercpamail,Mistakes That Get Foreign Accounts Shut Down,2026-04-24 15:00,The Stripe Application Mistakes That Get Foreign Accounts Shut Down,thread:19dc11416e4b4c76|message:19dc11416e4b4c76,review_required_no_job_create
signal_122,gmail,unknown_review_needed,LinkedIn Job Alerts,,2026-04-24 15:57,Message replied: Blink UX :: Senior or Lead Product Designer...,thread:19dc06c33a89f0f8|message:19dc1482dbb0420c,ignored
signal_123,gmail,unknown_review_needed,LinkedIn Job Alerts,,2026-04-24 11:56,Message replied: Blink UX :: Senior or Lead Product Designer...,thread:19dc06c33a89f0f8|message:19dc06c33a89f0f8,ignored
signal_124,gmail,follow_up_opportunity,Thomson Reuters,Senior UX Product Designer,2026-04-27 11:30,Re: Job opportunity- Senior UX Product Designer with Thomson Reuters (Next steps/R2R),thread:19db58b5849bdc81|message:19dcfc76176c604c,review_needed,job_017
signal_125,workday_email,unknown_review_needed,Myworkday,,2026-04-30 4:29,Equinix – Application Update for JR-159003 User Experience Designer (Filled),thread:19dddb91c5c5118d|message:19dddb91c5c5118d,review_required_no_job_create
signal_126,gmail,unknown_review_needed,Nurture,,2026-04-30 3:42,State Farm Careers: Inside the Neighborhood - Opportunities Await!,thread:19ddd8df51a103d8|message:19ddd8df51a103d8,review_required_no_job_create
signal_127,gmail,unknown_review_needed,LinkedIn Job Alerts,was viewed by SJ Mobilita,2026-04-30 2:12,Your application was viewed by SJ Mobilita,thread:19ddd3bdeaa7565d|message:19ddd3bdeaa7565d,review_required_no_job_create
signal_128,gmail,unknown_review_needed,,,2026-04-29 20:15,Update from Dandy,thread:19ddbf48ba70cdb6|message:19ddbf48ba70cdb6,review_required_no_job_create
signal_129,linkedin_email,job_alert,Reml AI,Product Builder (User Experience),2026-04-29 19:45,Product Builder (User Experience) at Reml AI,thread:19ddb6b66a73422f|message:19ddbd9425e6fdfd,accepted,job_047
signal_130,linkedin_email,job_alert,Reml AI,Product Builder (User Experience),2026-04-29 17:45,Product Builder (User Experience) at Reml AI,thread:19ddb6b66a73422f|message:19ddb6b66a73422f,accepted,job_048
signal_131,indeed_email,job_alert,Confidential,"Senior Designer (Digital, UX/UI, Presentations, Adobe + Figma)",2026-04-29 17:45,"Confidential is hiring for Senior Designer (Digital, UX/UI, Presentations, Adobe + Figma). 5 more graphic designer jobs in Miami, FL.",thread:19ddb6b37255da3f|message:19ddb6b37255da3f,accepted,job_028
signal_132,builtin_email,unknown_review_needed,,,2026-04-29 15:22,New Staff Engineer Job Matches,thread:19ddae88b5bf7706|message:19ddae88b5bf7706,review_required_no_job_create
signal_133,linkedin_email,unknown_review_needed,Slalom,Agentic Designer,2026-04-29 15:18,Agentic Designer at Slalom,thread:19ddae47d1064845|message:19ddae47d1064845,review_required_no_job_create
signal_134,gmail,unknown_review_needed,LinkedIn Job Alerts,,2026-04-29 12:56,"Jonathon, apply now to ‘Senior Product Designer at Vogo’",thread:19dda62d17a05a56|message:19dda62d17a05a56,review_required_no_job_create
signal_135,linkedin_email,job_alert,SJ Mobilita,Lead UI/UX Designer,2026-04-29 13:46,Lead UI/UX Designer at SJ Mobilita,thread:19dda223cf0bbe59|message:19dda900d7bff6d0,accepted,job_049
signal_136,linkedin_email,job_alert,SJ Mobilita,Lead UI/UX Designer,2026-04-29 11:46,Lead UI/UX Designer at SJ Mobilita,thread:19dda223cf0bbe59|message:19dda223cf0bbe59,accepted,job_050
signal_137,gmail,unknown_review_needed,,,2026-04-29 11:10,insights from 600+ UXers about the job search,thread:19dda012c0970d06|message:19dda012c0970d06,review_required_no_job_create
signal_138,linkedin_email,job_alert,Deloitte,Organization Design Manager,2026-04-29 15:45,Organization Design Manager at Deloitte,thread:19dd9b5ffb7a4e7e|message:19ddafd680aa115e,accepted,job_051
signal_139,linkedin_email,job_alert,Deloitte,Organization Design Manager,2026-04-29 9:47,Organization Design Manager at Deloitte,thread:19dd9b5ffb7a4e7e|message:19dd9b5ffb7a4e7e,accepted,job_052
signal_140,gmail,job_alert,LinkedIn Job Alerts,,2026-04-29 9:18,iHerb is hiring for a E-commerce role,thread:19dd99af21153afc|message:19dd99af21153afc,review_required_no_job_create
signal_141,indeed_email,job_alert,iFlo,Creative Director (Full-Time),2026-04-29 5:16,"iFlo is hiring for Creative Director (Full-Time). 29 more Immediately Hiring jobs in Miami, FL.",thread:19dd8bd6267e8628|message:19dd8bd6267e8628,accepted,job_053
signal_142,gmail,job_alert,,,2026-04-28 22:22,"Program Manager II (Data & Analytics) at Azaaki LLC in Addison, TX and 6 more new jobs",thread:19dd74265f3fff8c|message:19dd74265f3fff8c,review_required_no_job_create
signal_143,linkedin_email,job_alert,MAJORITY,Product Design Lead,2026-04-28 19:45,Product Design Lead at MAJORITY,thread:19dd6b2d195d6dc5|message:19dd6b2d195d6dc5,accepted,job_027
signal_144,indeed_email,job_alert,Confidential,"Senior Designer (Digital, UX/UI, Presentations, Adobe + Figma)",2026-04-28 18:17,"Confidential is hiring for Senior Designer (Digital, UX/UI, Presentations, Adobe + Figma). 6 more graphic designer jobs in Miami, FL.",thread:19dd66232921e853|message:19dd66232921e853,accepted,job_028
signal_145,linkedin_email,job_alert,Bravo17 Digital,Experience Design Lead,2026-04-28 17:45,Experience Design Lead at Bravo17 Digital,thread:19dd644ed814b61f|message:19dd644ed814b61f,accepted,job_054
signal_146,linkedin_email,job_alert,Jobgether,Staff UI/UX Product Designer,2026-04-28 15:45,Staff UI/UX Product Designer at Jobgether,thread:19dd5d70b43008b1|message:19dd5d70b43008b1,accepted,job_055
signal_147,linkedin_email,unknown_review_needed,Xplor Technologies,Lead Product Designer,2026-04-28 15:18,Lead Product Designer at Xplor Technologies,thread:19dd5be01d2898f2|message:19dd5be01d2898f2,review_required_no_job_create
signal_148,linkedin_email,job_alert,KPMG US,"Associate Director, Senior Service Designer (GenAI Experience)",2026-04-28 13:45,"Associate Director, Senior Service Designer (GenAI Experience) at KPMG US",thread:19dd56937982ffec|message:19dd56937982ffec,accepted,job_056
signal_149,gmail,unknown_review_needed,,,2026-04-28 13:18,"PMG has Product Lead, Creative Team job in Dallas, TX",thread:19dd55078efde00f|message:19dd55078efde00f,review_required_no_job_create
signal_150,gmail,job_alert,LinkedIn Job Alerts,,2026-04-28 11:45,Conversational Designer at Ladders: up to $265K/year,thread:19dd4fb6f6d30f91|message:19dd4fb6f6d30f91,ignored
signal_151,gmail,recruiter_outreach,Jhu,,2026-04-28 11:05,Meet the Recruiter @ Johns Hopkins Engineering for Professionals,thread:19dd4d655261f1fc|message:19dd4d655261f1fc,review_required_no_job_create
signal_152,gmail,unknown_review_needed,Us,,2026-04-28 10:04,Your April Dream Job is waiting,thread:19dd49f3d4202116|message:19dd49f3d4202116,review_required_no_job_create
signal_153,linkedin_email,job_alert,Sundayy,"UX Designer, AI",2026-04-28 9:45,"UX Designer, AI at Sundayy",thread:19dd48d946f0b491|message:19dd48d946f0b491,accepted,job_029
signal_154,gmail,job_alert,LinkedIn Job Alerts,,2026-04-28 9:18,Alpine Home Air is hiring for a E-commerce role,thread:19dd474fad870016|message:19dd474fad870016,ignored
signal_155,gmail,unknown_review_needed,Avaconsulting,,2026-04-28 8:34,"REMOTE JOB - ""Senior Product Designer / UX Designer (Mobile, Figma, Design Systems)"" - W2-Contract",thread:19dd4527dd0c530c|message:19dd4527dd0c530c,review_required_no_job_create
signal_156,gmail,unknown_review_needed,ZipRecruiter,,2026-04-28 8:07,Got the job? Share your win 🎉,thread:19dd433781b51293|message:19dd433781b51293,review_required_no_job_create
signal_157,gmail,unknown_review_needed,,,2026-04-28 7:18,"3B Staffing LLC has Senior User Experience Designer job in Dallas, TX, 75215",thread:19dd40714f0d7256|message:19dd40714f0d7256,review_required_no_job_create
signal_158,gmail,unknown_review_needed,Alerts,,2026-04-28 7:04,"Designer @Kimley-horn And Associates, Inc. | SUBMIT your application",thread:19dd3f9d9a53536c|message:19dd3f9d9a53536c,review_required_no_job_create
signal_159,gmail,job_alert,,,2026-05-02 4:55,"Salesforce UX / UI Designer - Hybrid working Dallas, Texas, USA at Platform 6 Ltd in United States and 15 more new jobs",thread:19de81d14148b44f|message:19de81d14148b44f,review_required_no_job_create
signal_160,gmail,interview_scheduling,Ignitevisibility,,2026-05-01 22:24,"Appointment booked: Interview  (jonathon thomason) @ Tue May 5, 2026 11am - 11:30am (CDT) (jonathon.thomason@gmail.com)",thread:19de6b6eda35ee22|message:19de6b6eda35ee22,review_required_no_job_create
signal_161,linkedin_email,job_alert,Netpace Inc,User Experience Designer,2026-05-01 19:45,User Experience Designer at Netpace Inc,thread:19de625f0ac8dacc|message:19de625f0ac8dacc,accepted,job_067
signal_162,gmail,unknown_review_needed,,,2026-05-01 19:04,"Shopify Developer, eCommerce & Digital Growth @ Vorwerk LLC",thread:19de6006f1d8ef55|message:19de6006f1d8ef55,review_required_no_job_create
signal_163,gmail,job_alert,,,2026-05-01 18:15,Senior Product Manager - AI at Secuvy Inc in Remote and 13 more new jobs,thread:19de5d3005505078|message:19de5d3005505078,review_required_no_job_create
signal_164,gmail,job_alert,LinkedIn Job Alerts,,2026-05-01 17:45,"Human Centered Design Lead at Myriddian, LLC",thread:19de5b7f90b07d07|message:19de5b7f90b07d07,review_required_no_job_create
signal_165,indeed_email,job_alert,Cushman & Wakefield,Graphic Designer,2026-05-01 17:29,"Cushman & Wakefield is hiring for Graphic Designer. 6 more graphic designer jobs in Miami, FL.",thread:19de5a98f76bfc37|message:19de5a98f76bfc37,accepted,job_068
signal_166,gmail,unknown_review_needed,Pinpoint,,2026-05-01 17:25,We Got Your Application!,thread:19de5a59774a4bd0|message:19de5a59774a4bd0,review_required_no_job_create
signal_167,gmail,unknown_review_needed,,,2026-05-01 17:15,Product Manager – RotoJet @ Trillium Pumps USA,thread:19de59c107f3ed19|message:19de59c107f3ed19,review_required_no_job_create
signal_168,linkedin_email,job_alert,Sundayy,Product Designer,2026-05-01 15:45,Product Designer at Sundayy,thread:19de54a1ce3f4840|message:19de54a1ce3f4840,accepted,job_044
signal_169,linkedin_email,unknown_review_needed,Stable,Senior Product Designer,2026-05-01 15:18,Senior Product Designer at Stable,thread:19de53184dc7299e|message:19de53184dc7299e,review_required_no_job_create
signal_170,builtin_email,unknown_review_needed,,,2026-05-01 15:14,New Staff Engineer Job Matches,thread:19de52df1fa0bc11|message:19de52df1fa0bc11,review_required_no_job_create
signal_171,linkedin_email,job_alert,Horizontal Talent,Product Design Lead (Strategy),2026-05-01 13:45,Product Design Lead (Strategy) at Horizontal Talent,thread:19de4dc4100bba96|message:19de4dc4100bba96,accepted,job_069
signal_172,linkedin_email,unknown_review_needed,Vogo,Senior Product Designer,2026-05-01 12:12,"Jonathon, your job’s expiring on May 8: Senior Product Designer at Vogo",thread:19de4873cd556a80|message:19de4873cd556a80,review_required_no_job_create
signal_173,linkedin_email,job_alert,Nubank,Design Director,2026-05-01 11:45,Design Director at Nubank,thread:19de46e85298d795|message:19de46e85298d795,accepted,job_070
signal_174,linkedin_email,job_alert,Arcadis,Senior Water Design Manager,2026-05-01 9:45,Senior Water Design Manager at Arcadis,thread:19de400a025f1ff3|message:19de400a025f1ff3,accepted,job_071
signal_175,gmail,job_alert,LinkedIn Job Alerts,,2026-05-01 9:24,Aquent is hiring for a AR/VR role,thread:19de3ed320c7b0d5|message:19de3ed320c7b0d5,review_required_no_job_create
signal_176,gmail,unknown_review_needed,,,2026-05-01 7:18,"3B Staffing has Sr. Full Stack Java job in Dallas, TX, 75342",thread:19de37a3637f016f|message:19de37a3637f016f,review_required_no_job_create
signal_177,indeed_email,job_alert,Local Hero,Product Owner- Agentic AI Platform,2026-05-01 6:45,"Local Hero is hiring for Product Owner- Agentic AI Platform. 29 more Immediately Hiring jobs in Miami, FL.",thread:19de35b99dfdaf97|message:19de35b99dfdaf97,accepted,job_072
signal_178,gmail,job_alert,,,2026-05-01 5:08,Meta Careers job alert: Find me,thread:19de302808b0316a|message:19de302808b0316a,review_required_no_job_create
signal_179,gmail,unknown_review_needed,Jobleads,,2026-04-30 19:43,"Today's top job match for you — UX Designer, Workforce Solutions - Talent Products, Seattle, WA",thread:19de0fd8786a9aa1|message:19de0fd8786a9aa1,review_required_no_job_create
signal_180,gmail,unknown_review_needed,Ford,,2026-04-30 21:54,New job opportunities at Ford Global Career Site,thread:19de0e6e2d4c80cf|message:19de176066159379,review_required_no_job_create
signal_181,gmail,unknown_review_needed,Ford,,2026-04-30 19:18,New job opportunities at Ford Global Career Site,thread:19de0e6e2d4c80cf|message:19de0e6e2d4c80cf,review_required_no_job_create
signal_182,indeed_email,job_alert,MDR.com,Video & Graphic Artist/ Woo Commerce/Shopify/Marketing/Social Marketing,2026-04-30 18:22,"MDR.com is hiring for Video & Graphic Artist/ Woo Commerce/Shopify/Marketing/Social Marketing. 2 more graphic designer jobs in Miami, FL.",thread:19de0b37ba83ba4b|message:19de0b37ba83ba4b,accepted,job_073
signal_183,gmail,unknown_review_needed,,,2026-05-01 9:40,Re: Right to Represent || Yum Brands || Customer Experience & UX Designer(Part- Time) ||| 100% Remote ||| Job ID - 5770-1,thread:19de0635236ed03f|message:19de3fbf4041e44d,review_required_no_job_create
signal_184,gmail,unknown_review_needed,Ustechsolutionsinc,,2026-05-01 9:20,RE: Right to Represent || Yum Brands || Customer Experience & UX Designer(Part- Time) ||| 100% Remote ||| Job ID - 5770-1,thread:19de0635236ed03f|message:19de3e9f7e7a1dee,review_required_no_job_create
signal_185,gmail,unknown_review_needed,,,2026-04-30 17:11,Re: Right to Represent || Yum Brands || Customer Experience & UX Designer(Part- Time) ||| 100% Remote  ||| Job ID - 5770-1,thread:19de0635236ed03f|message:19de0723d76e28cb,review_required_no_job_create
signal_186,gmail,unknown_review_needed,Ustechsolutionsinc,,2026-04-30 16:54,Right to Represent || Yum Brands || Customer Experience & UX Designer(Part- Time) ||| 100% Remote  ||| Job ID - 5770-1,thread:19de0635236ed03f|message:19de0635236ed03f,review_required_no_job_create
signal_187,gmail,unknown_review_needed,Yum,,2026-04-30 15:12,"Update regarding your Yum Brands (KFC, Pizza Hut, Taco Bell, & Habit Burger) Application",thread:19de0053720e1695|message:19de0053720e1695,review_required_no_job_create
signal_188,gmail,unknown_review_needed,,,2026-04-30 16:46,Re: Customer Experience & UX Designer ||| 100% Remote ||| Job ID: 5770-1 ||| Part Time,thread:19ddf2f54e1ca3e9|message:19de05bea56332a8,review_required_no_job_create
signal_189,gmail,unknown_review_needed,Ustechsolutionsinc,,2026-04-30 16:45,RE: Customer Experience & UX Designer ||| 100% Remote ||| Job ID: 5770-1 ||| Part Time,thread:19ddf2f54e1ca3e9|message:19de05a63d0722a3,review_required_no_job_create
signal_190,gmail,unknown_review_needed,,,2026-04-30 16:43,Re: Customer Experience & UX Designer ||| 100% Remote ||| Job ID:  5770-1 ||| Part Time,thread:19ddf2f54e1ca3e9|message:19de058856f2c989,review_required_no_job_create
signal_191,gmail,unknown_review_needed,,,2026-04-30 12:39,Re: Customer Experience & UX Designer ||| 100% Remote ||| Job ID:  5770-1 ||| Part Time,thread:19ddf2f54e1ca3e9|message:19ddf796a8f89a59,review_required_no_job_create
signal_192,gmail,unknown_review_needed,Ustechsolutionsinc,,2026-04-30 11:18,Customer Experience & UX Designer ||| 100% Remote ||| Job ID:  5770-1 ||| Part Time,thread:19ddf2f54e1ca3e9|message:19ddf2f54e1ca3e9,review_required_no_job_create
signal_193,gmail,unknown_review_needed,,,2026-04-30 10:23,Sr. UX/UI Designer @ REALTIME SOFTWARE SOLUTIONS LLC,thread:19ddefcf6edeaaaf|message:19ddefcf6edeaaaf,review_required_no_job_create
signal_194,gmail,unknown_review_needed,,,2026-04-30 9:42,Employer Posted Design Director Job Leads You Should Apply to Now,thread:19ddee7a47581d4f|message:19ddee7a47581d4f,review_required_no_job_create
signal_195,gmail,interview_scheduling,Thehumanreach,,2026-04-30 8:36,a question that flips the interview power dynamic,thread:19dde9ad37646f6a|message:19dde9ad37646f6a,review_required_no_job_create
signal_196,indeed_email,job_alert,iFlo,Creative Director (Full-Time),2026-04-30 6:42,"iFlo is hiring for Creative Director (Full-Time). 29 more Immediately Hiring jobs in Miami, FL.",thread:19dde32de09f8588|message:19dde32de09f8588,accepted,job_053
signal_197,gmail,interview_scheduling,,,2026-04-30 6:29,How to interview for Director-level roles if you've never been a Director before,thread:19dde27c4485e841|message:19dde27c4485e841,review_required_no_job_create
